,edition,folder,filename,width,height,quality,untruth-count,item,class,xmin,ymin,xmax,ymax,score,aspect,quality,box-score,class-error,class-error-score
0,_,scaled,scaled_g_480x270@480x270_00-11-48_421-acd008-pi_1-(1).jpg,480,270,,,1,mouse,205,63,315,167,0,,,,,
1,_,scaled,scaled_g_480x270@480x270_04-37-29_646-acd007-pi_1-(1).jpg,480,270,,,1,robin,224,63,296,168,0,,,,,
2,_,scaled,scaled_g_480x270@480x270_05-32-45_821-acd007-pi_1-(1).jpg,480,270,,,1,robin,174,58,346,173,0,,,,,
3,_,scaled,scaled_g_480x270@480x270_05-50-23_685-acd007-pi_1-(1).jpg,480,270,,,1,wood pigeon,216,34,304,197,0,,,,,
4,_,scaled,scaled_g_480x270@480x270_05-51-17_058-acd007-pi_1-(1).jpg,480,270,,,1,wood pigeon,163,63,358,195,0,,,,,
5,_,scaled,scaled_g_480x270@480x270_06-06-29_066-acd008-pi_1-(1).jpg,480,270,,,1,robin,217,32,303,198,0,,,,,
6,_,scaled,scaled_g_480x270@480x270_06-07-25_034-acd007-pi_1-(1).jpg,480,270,,,1,starling,200,41,320,189,0,,,,,
7,_,scaled,scaled_g_480x270@480x270_06-22-57_987-acd008-pi_1-(1).jpg,480,270,,,1,mouse,225,47,296,184,0,,,,,
8,_,scaled,scaled_g_480x270@480x270_06-24-43_211-acd008-pi_1-(1).jpg,480,270,,,1,mouse,221,42,300,188,0,,,,,
9,_,scaled,scaled_g_480x270@480x270_06-26-13_868-acd008-pi_1-(1).jpg,480,270,,,1,mouse,222,40,299,190,0,,,,,
10,_,scaled,scaled_g_480x270@480x270_06-52-13_530-acd008-pi_1-(1).jpg,480,270,,,1,blue tit,197,32,324,199,0,,,,,
11,_,scaled,scaled_g_480x270@480x270_09-19-41_665-acd010-pi_1-(1).jpg,480,270,,,1,blue tit,210,68,310,163,0,,,,,
12,_,scaled,scaled_g_480x270@480x270_10-01-51_487-acd010-pi_1-(1).jpg,480,270,,,1,blue tit,216,58,305,172,0,,,,,
13,_,scaled,scaled_g_480x270@480x270_10-01-51_487-acd010-pi_2-(1).jpg,480,270,,,1,robin,190,38,331,192,0,,,,,
14,_,scaled,scaled_g_480x270@480x270_12-08-11-acd004-pi_1-(1).jpg,480,270,,,1,long tailed tit,226,10,295,220,0,,,,,
15,_,scaled,scaled_g_480x270@480x270_12-52-04-acd004-pi_1-(1).jpg,480,270,,,1,dunnock,194,31,327,199,0,,,,,
16,_,scaled,scaled_g_480x270@480x270_13-18-31-acd004-pi_1-(1).jpg,480,270,,,1,long tailed tit,144,70,377,161,0,,,,,
17,_,scaled,scaled_g_480x270@480x270_14-08-46_429-acd008-pi_1-(1).jpg,480,270,,,1,blue tit,224,60,296,171,0,,,,,
18,_,scaled,scaled_g_480x270@480x270_15-39-05_472-acd008-pi_1-(1).jpg,480,270,,,1,goldfinch,147,34,301,197,0,,,,,
19,_,scaled,scaled_m_960x540@480x270_00-11-48_421-acd008-pi_1-(1).jpg,480,270,,,1,mouse,278,99,334,151,0,,,,,
20,_,scaled,scaled_m_960x540@480x270_00-17-56_817-acd008-pi_1-(1).jpg,480,270,,,1,mouse,216,67,284,184,0,,,,,
21,_,scaled,scaled_m_960x540@480x270_04-20-48_087-acd008-pi_1-(1).jpg,480,270,,,1,robin,172,40,329,169,0,,,,,
22,_,scaled,scaled_m_960x540@480x270_04-37-29_646-acd007-pi_1-(1).jpg,480,270,,,1,robin,232,99,268,152,0,,,,,
23,_,scaled,scaled_m_960x540@480x270_04-49-14_347-acd007-pi_1-(1).jpg,480,270,,,1,collared dove,178,48,322,202,0,,,,,
24,_,scaled,scaled_m_960x540@480x270_04-54-01_780-acd008-pi_1-(1).jpg,480,270,,,1,starling,278,86,364,204,0,,,,,
25,_,scaled,scaled_m_960x540@480x270_04-56-16_579-acd008-pi_1-(1).jpg,480,270,,,1,starling,244,108,380,184,0,,,,,
26,_,scaled,scaled_m_960x540@480x270_05-26-25_355-acd007-pi_1-(1).jpg,480,270,,,1,starling,209,74,291,164,0,,,,,
27,_,scaled,scaled_m_960x540@480x270_05-32-45_821-acd007-pi_1-(1).jpg,480,270,,,1,robin,207,96,293,154,0,,,,,
28,_,scaled,scaled_m_960x540@480x270_05-50-23_685-acd007-pi_1-(1).jpg,480,270,,,1,wood pigeon,228,93,272,174,0,,,,,
29,_,scaled,scaled_m_960x540@480x270_05-51-17_058-acd007-pi_1-(1).jpg,480,270,,,1,wood pigeon,202,166,299,232,0,,,,,
30,_,scaled,scaled_m_960x540@480x270_06-06-29_066-acd008-pi_1-(1).jpg,480,270,,,1,robin,339,84,382,166,0,,,,,
31,_,scaled,scaled_m_960x540@480x270_06-07-25_034-acd007-pi_1-(1).jpg,480,270,,,1,starling,220,88,280,162,0,,,,,
32,_,scaled,scaled_m_960x540@480x270_06-22-57_987-acd008-pi_1-(1).jpg,480,270,,,1,mouse,232,91,268,160,0,,,,,
33,_,scaled,scaled_m_960x540@480x270_06-24-43_211-acd008-pi_1-(1).jpg,480,270,,,1,mouse,230,88,270,162,0,,,,,
34,_,scaled,scaled_m_960x540@480x270_06-26-03_109-acd008-pi_1-(1).jpg,480,270,,,1,great tit,189,64,312,186,0,,,,,
35,_,scaled,scaled_m_960x540@480x270_06-26-08_170-acd008-pi_1-(1).jpg,480,270,,,1,great tit,162,154,338,253,0,,,,,
36,_,scaled,scaled_m_960x540@480x270_06-26-13_868-acd008-pi_1-(1).jpg,480,270,,,1,mouse,231,88,270,162,0,,,,,
37,_,scaled,scaled_m_960x540@480x270_06-32-35_660-acd008-pi_1-(1).jpg,480,270,,,1,starling,318,136,402,237,0,,,,,
38,_,scaled,scaled_m_960x540@480x270_06-36-45_827-acd008-pi_1-(1).jpg,480,270,,,1,starling,191,26,344,125,0,,,,,
39,_,scaled,scaled_m_960x540@480x270_06-44-33_703-acd007-pi_1-(1).jpg,480,270,,,1,dunnock,182,86,318,164,0,,,,,
40,_,scaled,scaled_m_960x540@480x270_06-52-13_530-acd008-pi_1-(1).jpg,480,270,,,1,blue tit,218,70,282,154,0,,,,,
41,_,scaled,scaled_m_960x540@480x270_07-16-26_220-acd008-pi_1-(1).jpg,480,270,,,1,dunnock,177,124,324,232,0,,,,,
42,_,scaled,scaled_m_960x540@480x270_07-20-36_973-acd008-pi_1-(1).jpg,480,270,,,1,great tit,184,74,317,176,0,,,,,
43,_,scaled,scaled_m_960x540@480x270_07-47-34_416-acd008-pi_1-(1).jpg,480,270,,,1,wood pigeon,183,61,318,190,0,,,,,
44,_,scaled,scaled_m_960x540@480x270_07-47-42_908-acd008-pi_1-(1).jpg,480,270,,,1,blue tit,234,74,359,176,0,,,,,
45,_,scaled,scaled_m_960x540@480x270_08-03-49_944-acd008-pi_1-(1).jpg,480,270,,,1,blue tit,214,117,286,240,0,,,,,
46,_,scaled,scaled_m_960x540@480x270_08-04-06_463-acd008-pi_1-(1).jpg,480,270,,,1,great tit,174,79,326,171,0,,,,,
47,_,scaled,scaled_m_960x540@480x270_08-08-10_453-acd008-pi_1-(1).jpg,480,270,,,1,blue tit,214,131,308,222,0,,,,,
48,_,scaled,scaled_m_960x540@480x270_08-25-16_930-acd008-pi_1-(1).jpg,480,270,,,1,great tit,181,74,320,176,0,,,,,
49,_,scaled,scaled_m_960x540@480x270_08-37-14_067-acd008-pi_1-(1).jpg,480,270,,,1,great tit,170,7,330,64,0,,,,,
50,_,scaled,scaled_m_960x540@480x270_08-43-36_908-acd008-pi_1-(1).jpg,480,270,,,1,dunnock,196,98,305,246,0,,,,,
51,_,scaled,scaled_m_960x540@480x270_09-17-57_594-acd008-pi_1-(1).jpg,480,270,,,1,great tit,211,76,289,174,0,,,,,
52,_,scaled,scaled_m_960x540@480x270_09-18-22_520-acd008-pi_1-(1).jpg,480,270,,,1,great tit,218,120,282,226,0,,,,,
53,_,scaled,scaled_m_960x540@480x270_09-19-41_665-acd010-pi_1-(1).jpg,480,270,,,1,blue tit,225,102,275,149,0,,,,,
54,_,scaled,scaled_m_960x540@480x270_09-25-48_127-acd008-pi_1-(1).jpg,480,270,,,1,dunnock,270,114,408,237,0,,,,,
55,_,scaled,scaled_m_960x540@480x270_09-41-01_851-acd008-pi_1-(1).jpg,480,270,,,1,robin,196,122,304,218,0,,,,,
56,_,scaled,scaled_m_960x540@480x270_09-58-17_932-acd010-pi_1-(1).jpg,480,270,,,1,collared dove,212,61,288,189,0,,,,,
57,_,scaled,scaled_m_960x540@480x270_10-05-22_840-acd010-pi_1-(1).jpg,480,270,,,1,wood pigeon,146,132,354,236,0,,,,,
58,_,scaled,scaled_m_960x540@480x270_10-08-06-acd004-pi_1-(1).jpg,480,270,,,1,long tailed tit,212,56,288,195,0,,,,,
59,_,scaled,scaled_m_960x540@480x270_10-11-00_550-acd008-pi_1-(1).jpg,480,270,,,1,robin,205,58,352,192,0,,,,,
60,_,scaled,scaled_m_960x540@480x270_10-29-56_536-acd008-pi_1-(1).jpg,480,270,,,1,dunnock,236,86,374,164,0,,,,,
61,_,scaled,scaled_m_960x540@480x270_10-58-44_554-acd008-pi_1-(1).jpg,480,270,,,1,goldfinch,176,81,278,169,0,,,,,
62,_,scaled,scaled_m_960x540@480x270_11-12-09_504-acd008-pi_1-(1).jpg,480,270,,,1,great tit,184,92,317,158,0,,,,,
63,_,scaled,scaled_m_960x540@480x270_11-12-47_901-acd008-pi_1-(1).jpg,480,270,,,1,dunnock,199,100,304,234,0,,,,,
64,_,scaled,scaled_m_960x540@480x270_11-17-35_863-acd008-pi_1-(1).jpg,480,270,,,1,blue tit,150,62,350,151,0,,,,,
65,_,scaled,scaled_m_960x540@480x270_11-22-00_353-acd008-pi_1-(1).jpg,480,270,,,1,dunnock,180,114,321,224,0,,,,,
66,_,scaled,scaled_m_960x540@480x270_11-36-54_403-acd010-pi_1-(1).jpg,480,270,,,1,blackbird,188,91,312,159,0,,,,,
67,_,scaled,scaled_m_960x540@480x270_11-57-46_205-acd008-pi_1-(1).jpg,480,270,,,1,blue tit,188,89,312,161,0,,,,,
68,_,scaled,scaled_m_960x540@480x270_12-08-11-acd004-pi_1-(1).jpg,480,270,,,1,long tailed tit,233,72,268,178,0,,,,,
69,_,scaled,scaled_m_960x540@480x270_12-34-02_072-acd010-pi_1-(1).jpg,480,270,,,1,blackbird,182,64,318,186,0,,,,,
70,_,scaled,scaled_m_960x540@480x270_12-46-36_028-acd007-pi_1-(1).jpg,480,270,,,1,blackbird,82,82,302,168,0,,,,,
71,_,scaled,scaled_m_960x540@480x270_12-52-04-acd004-pi_1-(1).jpg,480,270,,,1,dunnock,217,83,284,167,0,,,,,
72,_,scaled,scaled_m_960x540@480x270_13-05-12_526-acd008-pi_1-(1).jpg,480,270,,,1,sparrow,68,46,208,187,0,,,,,
73,_,scaled,scaled_m_960x540@480x270_13-05-35_900-acd008-pi_1-(1).jpg,480,270,,,1,sparrow,68,50,185,200,0,,,,,
74,_,scaled,scaled_m_960x540@480x270_13-05-53_597-acd008-pi_1-(1).jpg,480,270,,,1,sparrow,72,69,163,182,0,,,,,
75,_,scaled,scaled_m_960x540@480x270_13-07-45_074-acd008-pi_1-(1).jpg,480,270,,,1,sparrow,146,62,354,176,0,,,,,
76,_,scaled,scaled_m_960x540@480x270_13-08-01_197-acd008-pi_1-(1).jpg,480,270,,,1,sparrow,150,56,352,172,0,,,,,
77,_,scaled,scaled_m_960x540@480x270_13-10-15_121-acd007-pi_1-(1).jpg,480,270,,,1,blackbird,168,72,332,178,0,,,,,
78,_,scaled,scaled_m_960x540@480x270_13-12-05_592-acd008-pi_1-(1).jpg,480,270,,,1,sparrow,186,144,314,259,0,,,,,
79,_,scaled,scaled_m_960x540@480x270_13-17-51_803-acd008-pi_1-(1).jpg,480,270,,,1,sparrow,159,60,341,173,0,,,,,
80,_,scaled,scaled_m_960x540@480x270_13-25-26_271-acd008-pi_1-(1).jpg,480,270,,,1,sparrow,191,169,309,239,0,,,,,
81,_,scaled,scaled_m_960x540@480x270_13-37-21_702-acd008-pi_1-(1).jpg,480,270,,,1,blackbird,182,36,318,214,0,,,,,
82,_,scaled,scaled_m_960x540@480x270_13-44-45_413-acd008-pi_1-(1).jpg,480,270,,,1,sparrow,172,74,334,176,0,,,,,
83,_,scaled,scaled_m_960x540@480x270_13-47-06_197-acd010-pi_1-(1).jpg,480,270,,,1,collared dove,163,61,338,189,0,,,,,
84,_,scaled,scaled_m_960x540@480x270_14-08-46_429-acd008-pi_1-(1).jpg,480,270,,,1,blue tit,232,98,268,153,0,,,,,
85,_,scaled,scaled_m_960x540@480x270_14-59-12_220-acd008-pi_1-(1).jpg,480,270,,,1,goldfinch,215,84,285,270,0,,,,,
86,_,scaled,scaled_m_960x540@480x270_15-39-05_472-acd008-pi_1-(1).jpg,480,270,,,1,goldfinch,74,84,150,166,0,,,,,
87,_,scaled,scaled_m_960x540@480x270_16-31-53_544-acd008-pi_1-(1).jpg,480,270,,,1,goldfinch,218,103,282,234,0,,,,,
88,_,scaled,scaled_m_960x540@480x270_16-35-50_011-acd008-pi_1-(1).jpg,480,270,,,1,goldfinch,220,104,281,247,0,,,,,
89,_,scaled,scaled_m_960x540@480x270_18-05-38_897-acd008-pi_1-(1).jpg,480,270,,,1,blue tit,336,65,424,186,0,,,,,
90,_,scaled,scaled_s_1600x900@480x270_00-11-48_421-acd008-pi_1-(1).jpg,480,270,,,1,mouse,359,85,392,116,0,,,,,
91,_,scaled,scaled_s_1600x900@480x270_00-17-56_817-acd008-pi_1-(1).jpg,480,270,,,1,mouse,224,144,265,214,0,,,,,
92,_,scaled,scaled_s_1600x900@480x270_04-20-48_087-acd008-pi_1-(1).jpg,480,270,,,1,robin,232,24,327,101,0,,,,,
93,_,scaled,scaled_s_1600x900@480x270_04-37-29_646-acd007-pi_1-(1).jpg,480,270,,,1,robin,177,73,199,104,0,,,,,
94,_,scaled,scaled_s_1600x900@480x270_04-49-14_347-acd007-pi_1-(1).jpg,480,270,,,1,collared dove,203,67,289,160,0,,,,,
95,_,scaled,scaled_s_1600x900@480x270_04-54-01_780-acd008-pi_1-(1).jpg,480,270,,,1,starling,359,160,410,231,0,,,,,
96,_,scaled,scaled_s_1600x900@480x270_04-56-16_579-acd008-pi_1-(1).jpg,480,270,,,1,starling,339,172,420,218,0,,,,,
97,_,scaled,scaled_s_1600x900@480x270_05-26-25_355-acd007-pi_1-(1).jpg,480,270,,,1,starling,221,45,271,98,0,,,,,
98,_,scaled,scaled_s_1600x900@480x270_05-32-45_821-acd007-pi_1-(1).jpg,480,270,,,1,robin,220,59,272,94,0,,,,,
99,_,scaled,scaled_s_1600x900@480x270_05-50-23_685-acd007-pi_1-(1).jpg,480,270,,,1,wood pigeon,232,164,259,213,0,,,,,
100,_,scaled,scaled_s_1600x900@480x270_05-51-17_058-acd007-pi_1-(1).jpg,480,270,,,1,wood pigeon,240,208,298,248,0,,,,,
101,_,scaled,scaled_s_1600x900@480x270_06-06-29_066-acd008-pi_1-(1).jpg,480,270,,,1,robin,395,71,421,121,0,,,,,
102,_,scaled,scaled_s_1600x900@480x270_06-07-25_034-acd007-pi_1-(1).jpg,480,270,,,1,starling,152,58,188,102,0,,,,,
103,_,scaled,scaled_s_1600x900@480x270_06-22-57_987-acd008-pi_1-(1).jpg,480,270,,,1,mouse,218,109,239,150,0,,,,,
104,_,scaled,scaled_s_1600x900@480x270_06-24-43_211-acd008-pi_1-(1).jpg,480,270,,,1,mouse,216,107,239,151,0,,,,,
105,_,scaled,scaled_s_1600x900@480x270_06-26-03_109-acd008-pi_1-(1).jpg,480,270,,,1,great tit,209,121,283,195,0,,,,,
106,_,scaled,scaled_s_1600x900@480x270_06-26-08_170-acd008-pi_1-(1).jpg,480,270,,,1,great tit,172,200,278,260,0,,,,,
107,_,scaled,scaled_s_1600x900@480x270_06-26-13_868-acd008-pi_1-(1).jpg,480,270,,,1,mouse,215,106,238,152,0,,,,,
108,_,scaled,scaled_s_1600x900@480x270_06-32-35_660-acd008-pi_1-(1).jpg,480,270,,,1,starling,383,189,434,250,0,,,,,
109,_,scaled,scaled_s_1600x900@480x270_06-36-45_827-acd008-pi_1-(1).jpg,480,270,,,1,starling,307,15,398,75,0,,,,,
110,_,scaled,scaled_s_1600x900@480x270_06-44-33_703-acd007-pi_1-(1).jpg,480,270,,,1,dunnock,206,106,286,152,0,,,,,
111,_,scaled,scaled_s_1600x900@480x270_06-52-13_530-acd008-pi_1-(1).jpg,480,270,,,1,blue tit,262,42,300,92,0,,,,,
112,_,scaled,scaled_s_1600x900@480x270_07-16-26_220-acd008-pi_1-(1).jpg,480,270,,,1,dunnock,256,182,344,248,0,,,,,
113,_,scaled,scaled_s_1600x900@480x270_07-20-36_973-acd008-pi_1-(1).jpg,480,270,,,1,great tit,270,103,350,164,0,,,,,
114,_,scaled,scaled_s_1600x900@480x270_07-46-27_192-acd008-pi_1-(1).jpg,480,270,,,1,wood pigeon,118,87,311,171,0,,,,,
115,_,scaled,scaled_s_1600x900@480x270_07-47-34_416-acd008-pi_1-(1).jpg,480,270,,,1,wood pigeon,282,91,363,168,0,,,,,
116,_,scaled,scaled_s_1600x900@480x270_07-47-42_908-acd008-pi_1-(1).jpg,480,270,,,1,blue tit,332,103,407,164,0,,,,,
117,_,scaled,scaled_s_1600x900@480x270_08-03-49_944-acd008-pi_1-(1).jpg,480,270,,,1,blue tit,259,178,302,252,0,,,,,
118,_,scaled,scaled_s_1600x900@480x270_08-04-06_463-acd008-pi_1-(1).jpg,480,270,,,1,great tit,200,126,292,181,0,,,,,
119,_,scaled,scaled_s_1600x900@480x270_08-08-10_453-acd008-pi_1-(1).jpg,480,270,,,1,blue tit,320,187,377,241,0,,,,,
120,_,scaled,scaled_s_1600x900@480x270_08-25-16_930-acd008-pi_1-(1).jpg,480,270,,,1,great tit,205,117,288,178,0,,,,,
121,_,scaled,scaled_s_1600x900@480x270_08-37-14_067-acd008-pi_1-(1).jpg,480,270,,,1,great tit,142,4,237,38,0,,,,,
122,_,scaled,scaled_s_1600x900@480x270_08-43-36_908-acd008-pi_1-(1).jpg,480,270,,,1,dunnock,211,167,277,255,0,,,,,
123,_,scaled,scaled_s_1600x900@480x270_09-17-57_594-acd008-pi_1-(1).jpg,480,270,,,1,great tit,223,100,269,158,0,,,,,
124,_,scaled,scaled_s_1600x900@480x270_09-18-22_520-acd008-pi_1-(1).jpg,480,270,,,1,great tit,320,180,358,244,0,,,,,
125,_,scaled,scaled_s_1600x900@480x270_09-19-41_665-acd010-pi_1-(1).jpg,480,270,,,1,blue tit,231,124,261,152,0,,,,,
126,_,scaled,scaled_s_1600x900@480x270_09-25-48_127-acd008-pi_1-(1).jpg,480,270,,,1,dunnock,354,177,437,250,0,,,,,
127,_,scaled,scaled_s_1600x900@480x270_09-31-29_096-acd008-pi_1-(1).jpg,480,270,,,1,collared dove,146,188,301,250,0,,,,,
128,_,scaled,scaled_s_1600x900@480x270_09-41-01_851-acd008-pi_1-(1).jpg,480,270,,,1,robin,168,182,233,239,0,,,,,
129,_,scaled,scaled_s_1600x900@480x270_09-58-17_932-acd010-pi_1-(1).jpg,480,270,,,1,collared dove,223,91,269,167,0,,,,,
130,_,scaled,scaled_s_1600x900@480x270_10-05-22_840-acd010-pi_1-(1).jpg,480,270,,,1,wood pigeon,184,187,308,250,0,,,,,
131,_,scaled,scaled_s_1600x900@480x270_10-08-06-acd004-pi_1-(1).jpg,480,270,,,1,long tailed tit,169,87,214,171,0,,,,,
132,_,scaled,scaled_s_1600x900@480x270_10-11-00_550-acd008-pi_1-(1).jpg,480,270,,,1,robin,315,92,404,172,0,,,,,
133,_,scaled,scaled_s_1600x900@480x270_10-29-56_536-acd008-pi_1-(1).jpg,480,270,,,1,dunnock,334,63,417,110,0,,,,,
134,_,scaled,scaled_s_1600x900@480x270_10-58-44_554-acd008-pi_1-(1).jpg,480,270,,,1,goldfinch,106,103,167,155,0,,,,,
135,_,scaled,scaled_s_1600x900@480x270_11-12-09_504-acd008-pi_1-(1).jpg,480,270,,,1,great tit,128,158,208,198,0,,,,,
136,_,scaled,scaled_s_1600x900@480x270_11-12-47_901-acd008-pi_1-(1).jpg,480,270,,,1,dunnock,311,168,375,249,0,,,,,
137,_,scaled,scaled_s_1600x900@480x270_11-17-35_863-acd008-pi_1-(1).jpg,480,270,,,1,blue tit,269,37,389,91,0,,,,,
138,_,scaled,scaled_s_1600x900@480x270_11-22-00_353-acd008-pi_1-(1).jpg,480,270,,,1,dunnock,271,176,356,243,0,,,,,
139,_,scaled,scaled_s_1600x900@480x270_11-36-54_403-acd010-pi_1-(1).jpg,480,270,,,1,blackbird,209,92,284,132,0,,,,,
140,_,scaled,scaled_s_1600x900@480x270_11-57-46_205-acd008-pi_1-(1).jpg,480,270,,,1,blue tit,127,57,201,100,0,,,,,
141,_,scaled,scaled_s_1600x900@480x270_12-04-22_505-acd008-pi_1-(1).jpg,480,270,,,1,blackbird,260,168,412,242,0,,,,,
142,_,scaled,scaled_s_1600x900@480x270_12-08-11-acd004-pi_1-(1).jpg,480,270,,,1,long tailed tit,290,98,311,160,0,,,,,
143,_,scaled,scaled_s_1600x900@480x270_12-34-02_072-acd010-pi_1-(1).jpg,480,270,,,1,blackbird,240,129,321,203,0,,,,,
144,_,scaled,scaled_s_1600x900@480x270_12-46-36_028-acd007-pi_1-(1).jpg,480,270,,,1,blackbird,49,125,181,176,0,,,,,
145,_,scaled,scaled_s_1600x900@480x270_12-52-04-acd004-pi_1-(1).jpg,480,270,,,1,dunnock,226,81,266,131,0,,,,,
146,_,scaled,scaled_s_1600x900@480x270_13-05-12_526-acd008-pi_1-(1).jpg,480,270,,,1,sparrow,40,28,124,112,0,,,,,
147,_,scaled,scaled_s_1600x900@480x270_13-05-35_900-acd008-pi_1-(1).jpg,480,270,,,1,sparrow,41,36,111,126,0,,,,,
148,_,scaled,scaled_s_1600x900@480x270_13-05-53_597-acd008-pi_1-(1).jpg,480,270,,,1,sparrow,43,42,98,110,0,,,,,
149,_,scaled,scaled_s_1600x900@480x270_13-07-45_074-acd008-pi_1-(1).jpg,480,270,,,1,sparrow,278,38,404,105,0,,,,,
150,_,scaled,scaled_s_1600x900@480x270_13-08-01_197-acd008-pi_1-(1).jpg,480,270,,,1,sparrow,282,33,404,103,0,,,,,
151,_,scaled,scaled_s_1600x900@480x270_13-10-15_121-acd007-pi_1-(1).jpg,480,270,,,1,blackbird,197,82,295,146,0,,,,,
152,_,scaled,scaled_s_1600x900@480x270_13-12-05_592-acd008-pi_1-(1).jpg,480,270,,,1,sparrow,208,195,284,263,0,,,,,
153,_,scaled,scaled_s_1600x900@480x270_13-17-51_803-acd008-pi_1-(1).jpg,480,270,,,1,sparrow,282,36,391,104,0,,,,,
154,_,scaled,scaled_s_1600x900@480x270_13-25-26_271-acd008-pi_1-(1).jpg,480,270,,,1,sparrow,212,209,283,251,0,,,,,
155,_,scaled,scaled_s_1600x900@480x270_13-37-21_702-acd008-pi_1-(1).jpg,480,270,,,1,blackbird,221,121,303,228,0,,,,,
156,_,scaled,scaled_s_1600x900@480x270_13-44-45_413-acd008-pi_1-(1).jpg,480,270,,,1,sparrow,295,50,393,111,0,,,,,
157,_,scaled,scaled_s_1600x900@480x270_13-44-59_354-acd008-pi_1-(1).jpg,480,270,,,1,sparrow,165,39,327,114,0,,,,,
158,_,scaled,scaled_s_1600x900@480x270_13-47-06_197-acd010-pi_1-(1).jpg,480,270,,,1,collared dove,194,91,298,167,0,,,,,
159,_,scaled,scaled_s_1600x900@480x270_14-08-46_429-acd008-pi_1-(1).jpg,480,270,,,1,blue tit,235,112,257,146,0,,,,,
160,_,scaled,scaled_s_1600x900@480x270_14-59-12_220-acd008-pi_1-(1).jpg,480,270,,,1,goldfinch,225,158,267,270,0,,,,,
161,_,scaled,scaled_s_1600x900@480x270_15-39-05_472-acd008-pi_1-(1).jpg,480,270,,,1,goldfinch,44,105,90,154,0,,,,,
162,_,scaled,scaled_s_1600x900@480x270_16-31-53_544-acd008-pi_1-(1).jpg,480,270,,,1,goldfinch,178,170,216,248,0,,,,,
163,_,scaled,scaled_s_1600x900@480x270_16-35-50_011-acd008-pi_1-(1).jpg,480,270,,,1,goldfinch,182,171,218,256,0,,,,,
164,_,scaled,scaled_s_1600x900@480x270_18-05-38_897-acd008-pi_1-(1).jpg,480,270,,,1,blue tit,393,96,447,169,0,,,,,
165,_,scaled,scaled_x_1920x1080@480x270_00-11-48_421-acd008-pi_1-(1).jpg,480,270,,,1,mouse,379,71,407,97,0,,,,,
166,_,scaled,scaled_x_1920x1080@480x270_00-17-56_817-acd008-pi_1-(1).jpg,480,270,,,1,mouse,187,165,221,223,0,,,,,
167,_,scaled,scaled_x_1920x1080@480x270_04-20-48_087-acd008-pi_1-(1).jpg,480,270,,,1,robin,274,22,352,86,0,,,,,
168,_,scaled,scaled_x_1920x1080@480x270_04-37-29_646-acd007-pi_1-(1).jpg,480,270,,,1,robin,148,60,166,87,0,,,,,
169,_,scaled,scaled_x_1920x1080@480x270_04-49-14_347-acd007-pi_1-(1).jpg,480,270,,,1,collared dove,226,58,297,135,0,,,,,
170,_,scaled,scaled_x_1920x1080@480x270_04-54-01_780-acd008-pi_1-(1).jpg,480,270,,,1,starling,379,178,422,237,0,,,,,
171,_,scaled,scaled_x_1920x1080@480x270_04-56-16_579-acd008-pi_1-(1).jpg,480,270,,,1,starling,362,189,430,227,0,,,,,
172,_,scaled,scaled_x_1920x1080@480x270_05-26-25_355-acd007-pi_1-(1).jpg,480,270,,,1,starling,216,37,257,82,0,,,,,
173,_,scaled,scaled_x_1920x1080@480x270_05-32-45_821-acd007-pi_1-(1).jpg,480,270,,,1,robin,225,50,268,78,0,,,,,
174,_,scaled,scaled_x_1920x1080@480x270_05-50-23_685-acd007-pi_1-(1).jpg,480,270,,,1,wood pigeon,194,182,216,222,0,,,,,
175,_,scaled,scaled_x_1920x1080@480x270_05-51-17_058-acd007-pi_1-(1).jpg,480,270,,,1,wood pigeon,280,218,328,251,0,,,,,
176,_,scaled,scaled_x_1920x1080@480x270_06-06-29_066-acd008-pi_1-(1).jpg,480,270,,,1,robin,410,62,431,103,0,,,,,
177,_,scaled,scaled_x_1920x1080@480x270_06-07-25_034-acd007-pi_1-(1).jpg,480,270,,,1,starling,126,48,156,85,0,,,,,
178,_,scaled,scaled_x_1920x1080@480x270_06-22-57_987-acd008-pi_1-(1).jpg,480,270,,,1,mouse,182,115,199,149,0,,,,,
179,_,scaled,scaled_x_1920x1080@480x270_06-24-43_211-acd008-pi_1-(1).jpg,480,270,,,1,mouse,180,124,200,161,0,,,,,
180,_,scaled,scaled_x_1920x1080@480x270_06-26-03_109-acd008-pi_1-(1).jpg,480,270,,,1,great tit,241,146,302,207,0,,,,,
181,_,scaled,scaled_x_1920x1080@480x270_06-26-08_170-acd008-pi_1-(1).jpg,480,270,,,1,great tit,143,212,231,262,0,,,,,
182,_,scaled,scaled_x_1920x1080@480x270_06-26-13_868-acd008-pi_1-(1).jpg,480,270,,,1,mouse,180,123,199,161,0,,,,,
183,_,scaled,scaled_x_1920x1080@480x270_06-32-35_660-acd008-pi_1-(1).jpg,480,270,,,1,starling,399,203,441,254,0,,,,,
184,_,scaled,scaled_x_1920x1080@480x270_06-36-45_827-acd008-pi_1-(1).jpg,480,270,,,1,starling,336,15,412,64,0,,,,,
185,_,scaled,scaled_x_1920x1080@480x270_06-44-33_703-acd007-pi_1-(1).jpg,480,270,,,1,dunnock,193,106,260,144,0,,,,,
186,_,scaled,scaled_x_1920x1080@480x270_06-52-13_530-acd008-pi_1-(1).jpg,480,270,,,1,blue tit,298,37,330,79,0,,,,,
187,_,scaled,scaled_x_1920x1080@480x270_07-16-26_220-acd008-pi_1-(1).jpg,480,270,,,1,dunnock,293,197,366,251,0,,,,,
188,_,scaled,scaled_x_1920x1080@480x270_07-20-36_973-acd008-pi_1-(1).jpg,480,270,,,1,great tit,305,131,372,182,0,,,,,
189,_,scaled,scaled_x_1920x1080@480x270_07-46-27_192-acd008-pi_1-(1).jpg,480,270,,,1,wood pigeon,98,96,259,166,0,,,,,
190,_,scaled,scaled_x_1920x1080@480x270_07-47-34_416-acd008-pi_1-(1).jpg,480,270,,,1,wood pigeon,315,100,382,165,0,,,,,
191,_,scaled,scaled_x_1920x1080@480x270_07-47-42_908-acd008-pi_1-(1).jpg,480,270,,,1,blue tit,357,130,420,182,0,,,,,
192,_,scaled,scaled_x_1920x1080@480x270_08-03-49_944-acd008-pi_1-(1).jpg,480,270,,,1,blue tit,296,194,332,255,0,,,,,
193,_,scaled,scaled_x_1920x1080@480x270_08-04-06_463-acd008-pi_1-(1).jpg,480,270,,,1,great tit,216,150,292,196,0,,,,,
194,_,scaled,scaled_x_1920x1080@480x270_08-08-10_453-acd008-pi_1-(1).jpg,480,270,,,1,blue tit,347,200,394,246,0,,,,,
195,_,scaled,scaled_x_1920x1080@480x270_08-25-16_930-acd008-pi_1-(1).jpg,480,270,,,1,great tit,235,142,304,194,0,,,,,
196,_,scaled,scaled_x_1920x1080@480x270_08-37-14_067-acd008-pi_1-(1).jpg,480,270,,,1,great tit,118,6,198,34,0,,,,,
197,_,scaled,scaled_x_1920x1080@480x270_08-43-36_908-acd008-pi_1-(1).jpg,480,270,,,1,dunnock,176,184,230,258,0,,,,,
198,_,scaled,scaled_x_1920x1080@480x270_09-17-57_594-acd008-pi_1-(1).jpg,480,270,,,1,great tit,248,126,287,174,0,,,,,
199,_,scaled,scaled_x_1920x1080@480x270_09-18-22_520-acd008-pi_1-(1).jpg,480,270,,,1,great tit,347,195,378,248,0,,,,,
200,_,scaled,scaled_x_1920x1080@480x270_09-19-41_665-acd010-pi_1-(1).jpg,480,270,,,1,blue tit,214,148,239,172,0,,,,,
201,_,scaled,scaled_x_1920x1080@480x270_09-25-48_127-acd008-pi_1-(1).jpg,480,270,,,1,dunnock,375,192,444,254,0,,,,,
202,_,scaled,scaled_x_1920x1080@480x270_09-31-29_096-acd008-pi_1-(1).jpg,480,270,,,1,collared dove,121,201,251,253,0,,,,,
203,_,scaled,scaled_x_1920x1080@480x270_09-41-01_851-acd008-pi_1-(1).jpg,480,270,,,1,robin,140,196,194,244,0,,,,,
204,_,scaled,scaled_x_1920x1080@480x270_09-58-17_932-acd010-pi_1-(1).jpg,480,270,,,1,collared dove,235,108,273,172,0,,,,,
205,_,scaled,scaled_x_1920x1080@480x270_10-05-22_840-acd010-pi_1-(1).jpg,480,270,,,1,wood pigeon,195,201,298,253,0,,,,,
206,_,scaled,scaled_x_1920x1080@480x270_10-08-06-acd004-pi_1-(1).jpg,480,270,,,1,long tailed tit,140,104,178,173,0,,,,,
207,_,scaled,scaled_x_1920x1080@480x270_10-11-00_550-acd008-pi_1-(1).jpg,480,270,,,1,robin,342,122,416,188,0,,,,,
208,_,scaled,scaled_x_1920x1080@480x270_10-29-56_536-acd008-pi_1-(1).jpg,480,270,,,1,dunnock,358,53,427,92,0,,,,,
209,_,scaled,scaled_x_1920x1080@480x270_10-58-44_554-acd008-pi_1-(1).jpg,480,270,,,1,goldfinch,88,114,139,158,0,,,,,
210,_,scaled,scaled_x_1920x1080@480x270_11-12-09_504-acd008-pi_1-(1).jpg,480,270,,,1,great tit,107,177,174,210,0,,,,,
211,_,scaled,scaled_x_1920x1080@480x270_11-12-47_901-acd008-pi_1-(1).jpg,480,270,,,1,dunnock,340,185,392,252,0,,,,,
212,_,scaled,scaled_x_1920x1080@480x270_11-17-35_863-acd008-pi_1-(1).jpg,480,270,,,1,blue tit,304,33,404,78,0,,,,,
213,_,scaled,scaled_x_1920x1080@480x270_11-22-00_353-acd008-pi_1-(1).jpg,480,270,,,1,dunnock,306,192,377,247,0,,,,,
214,_,scaled,scaled_x_1920x1080@480x270_11-36-54_403-acd010-pi_1-(1).jpg,480,270,,,1,blackbird,217,76,280,110,0,,,,,
215,_,scaled,scaled_x_1920x1080@480x270_11-57-46_205-acd008-pi_1-(1).jpg,480,270,,,1,blue tit,106,48,167,84,0,,,,,
216,_,scaled,scaled_x_1920x1080@480x270_12-04-22_505-acd008-pi_1-(1).jpg,480,270,,,1,blackbird,296,185,423,247,0,,,,,
217,_,scaled,scaled_x_1920x1080@480x270_12-08-11-acd004-pi_1-(1).jpg,480,270,,,1,long tailed tit,322,101,339,154,0,,,,,
218,_,scaled,scaled_x_1920x1080@480x270_12-34-02_072-acd010-pi_1-(1).jpg,480,270,,,1,blackbird,280,152,347,214,0,,,,,
219,_,scaled,scaled_x_1920x1080@480x270_12-46-36_028-acd007-pi_1-(1).jpg,480,270,,,1,blackbird,41,149,151,192,0,,,,,
220,_,scaled,scaled_x_1920x1080@480x270_12-52-04-acd004-pi_1-(1).jpg,480,270,,,1,dunnock,220,67,254,109,0,,,,,
221,_,scaled,scaled_x_1920x1080@480x270_13-05-12_526-acd008-pi_1-(1).jpg,480,270,,,1,sparrow,34,23,104,94,0,,,,,
222,_,scaled,scaled_x_1920x1080@480x270_13-05-35_900-acd008-pi_1-(1).jpg,480,270,,,1,sparrow,34,30,92,105,0,,,,,
223,_,scaled,scaled_x_1920x1080@480x270_13-05-53_597-acd008-pi_1-(1).jpg,480,270,,,1,sparrow,36,35,82,91,0,,,,,
224,_,scaled,scaled_x_1920x1080@480x270_13-07-45_074-acd008-pi_1-(1).jpg,480,270,,,1,sparrow,312,33,416,90,0,,,,,
225,_,scaled,scaled_x_1920x1080@480x270_13-08-01_197-acd008-pi_1-(1).jpg,480,270,,,1,sparrow,315,30,416,88,0,,,,,
226,_,scaled,scaled_x_1920x1080@480x270_13-10-15_121-acd007-pi_1-(1).jpg,480,270,,,1,blackbird,196,70,278,123,0,,,,,
227,_,scaled,scaled_x_1920x1080@480x270_13-12-05_592-acd008-pi_1-(1).jpg,480,270,,,1,sparrow,192,207,256,264,0,,,,,
228,_,scaled,scaled_x_1920x1080@480x270_13-17-51_803-acd008-pi_1-(1).jpg,480,270,,,1,sparrow,315,32,406,88,0,,,,,
229,_,scaled,scaled_x_1920x1080@480x270_13-25-26_271-acd008-pi_1-(1).jpg,480,270,,,1,sparrow,257,220,316,254,0,,,,,
230,_,scaled,scaled_x_1920x1080@480x270_13-37-21_702-acd008-pi_1-(1).jpg,480,270,,,1,blackbird,264,146,332,235,0,,,,,
231,_,scaled,scaled_x_1920x1080@480x270_13-44-45_413-acd008-pi_1-(1).jpg,480,270,,,1,sparrow,326,44,407,94,0,,,,,
232,_,scaled,scaled_x_1920x1080@480x270_13-44-59_354-acd008-pi_1-(1).jpg,480,270,,,1,sparrow,195,34,330,97,0,,,,,
233,_,scaled,scaled_x_1920x1080@480x270_13-47-06_197-acd010-pi_1-(1).jpg,480,270,,,1,collared dove,165,106,252,170,0,,,,,
234,_,scaled,scaled_x_1920x1080@480x270_14-08-46_429-acd008-pi_1-(1).jpg,480,270,,,1,blue tit,232,130,250,158,0,,,,,
235,_,scaled,scaled_x_1920x1080@480x270_14-59-12_220-acd008-pi_1-(1).jpg,480,270,,,1,goldfinch,219,177,254,270,0,,,,,
236,_,scaled,scaled_x_1920x1080@480x270_15-39-05_472-acd008-pi_1-(1).jpg,480,270,,,1,goldfinch,37,102,75,142,0,,,,,
237,_,scaled,scaled_x_1920x1080@480x270_16-31-53_544-acd008-pi_1-(1).jpg,480,270,,,1,goldfinch,148,186,180,252,0,,,,,
238,_,scaled,scaled_x_1920x1080@480x270_16-35-50_011-acd008-pi_1-(1).jpg,480,270,,,1,goldfinch,151,187,182,258,0,,,,,
239,_,scaled,scaled_x_1920x1080@480x270_18-05-38_897-acd008-pi_1-(1).jpg,480,270,,,1,blue tit,408,125,452,186,0,,,,,
240,_,tiled,tiled_g_480x270@480x270_0_10-(1).jpg,480,270,,,1,blue tit,48,50,152,201,0,,,,,
241,_,tiled,tiled_g_480x270@480x270_0_13-(1).jpg,480,270,,,1,starling,40,50,160,198,0,,,,,
242,_,tiled,tiled_g_480x270@480x270_0_14-(1).jpg,480,270,,,1,dunnock,34,50,167,218,0,,,,,
243,_,tiled,tiled_g_480x270@480x270_0_15-(1).jpg,480,270,,,1,mouse,295,50,366,187,0,,,,,
244,_,tiled,tiled_g_480x270@480x270_0_17-(1).jpg,480,270,,,1,blue tit,56,50,145,164,0,,,,,
245,_,tiled,tiled_g_480x270@480x270_0_18-(1).jpg,480,270,,,1,sparrow,291,50,370,126,0,,,,,
246,_,tiled,tiled_g_480x270@480x270_0_19-(2).jpg,480,270,,,1,blue tit,37,50,164,217,0,,,,,
247,_,tiled,tiled_g_480x270@480x270_0_19-(2).jpg,480,270,,,2,blue tit,278,50,350,161,0,,,,,
248,_,tiled,tiled_g_480x270@480x270_0_20-(1).jpg,480,270,,,1,goldfinch,218,50,372,213,0,,,,,
249,_,tiled,tiled_g_480x270@480x270_0_23-(2).jpg,480,270,,,1,robin,64,50,136,155,0,,,,,
250,_,tiled,tiled_g_480x270@480x270_0_23-(2).jpg,480,270,,,2,robin,216,50,357,204,0,,,,,
251,_,tiled,tiled_g_480x270@480x270_0_24-(1).jpg,480,270,,,1,blue tit,56,50,145,164,0,,,,,
252,_,tiled,tiled_g_480x270@480x270_0_25-(1).jpg,480,270,,,1,mouse,261,50,371,154,0,,,,,
253,_,tiled,tiled_g_480x270@480x270_0_26-(1).jpg,480,270,,,1,robin,14,50,186,165,0,,,,,
254,_,tiled,tiled_g_480x270@480x270_0_28-(2).jpg,480,270,,,1,robin,30,50,171,204,0,,,,,
255,_,tiled,tiled_g_480x270@480x270_0_28-(2).jpg,480,270,,,2,robin,278,50,364,216,0,,,,,
256,_,tiled,tiled_g_480x270@480x270_0_3-(1).jpg,480,270,,,1,mouse,277,50,356,196,0,,,,,
257,_,tiled,tiled_g_480x270@480x270_0_32-(1).jpg,480,270,,,1,long tailed tit,50,50,283,141,0,,,,,
258,_,tiled,tiled_g_480x270@480x270_0_4-(1).jpg,480,270,,,1,long tailed tit,50,50,283,141,0,,,,,
259,_,tiled,tiled_g_480x270@480x270_0_5-(2).jpg,480,270,,,1,wood pigeon,3,50,198,182,0,,,,,
260,_,tiled,tiled_g_480x270@480x270_0_5-(2).jpg,480,270,,,2,blue tit,298,50,398,145,0,,,,,
261,_,tiled,tiled_g_480x270@480x270_0_6-(1).jpg,480,270,,,1,sparrow,61,50,140,126,0,,,,,
262,_,tiled,tiled_g_480x270@480x270_0_7-(1).jpg,480,270,,,1,blue tit,278,50,382,201,0,,,,,
263,_,tiled,tiled_g_480x270@480x270_0_8-(2).jpg,480,270,,,1,mouse,62,50,139,200,0,,,,,
264,_,tiled,tiled_g_480x270@480x270_0_8-(2).jpg,480,270,,,2,wood pigeon,245,50,333,213,0,,,,,
265,_,tiled,tiled_m_960x540@480x270_0_1-(3).jpg,480,270,,,1,robin,7,25,93,82,0,,,,,
266,_,tiled,tiled_m_960x540@480x270_0_1-(3).jpg,480,270,,,2,sparrow,374,25,413,63,0,,,,,
267,_,tiled,tiled_m_960x540@480x270_0_1-(3).jpg,480,270,,,3,dunnock,143,124,290,234,0,,,,,
268,_,tiled,tiled_m_960x540@480x270_0_10-(4).jpg,480,270,,,1,wood pigeon,182,25,279,91,0,,,,,
269,_,tiled,tiled_m_960x540@480x270_0_10-(4).jpg,480,270,,,2,blue tit,332,25,376,82,0,,,,,
270,_,tiled,tiled_m_960x540@480x270_0_10-(4).jpg,480,270,,,3,blackbird,186,133,274,244,0,,,,,
271,_,tiled,tiled_m_960x540@480x270_0_10-(4).jpg,480,270,,,4,starling,319,133,379,207,0,,,,,
272,_,tiled,tiled_m_960x540@480x270_0_11-(3).jpg,480,270,,,1,long tailed tit,25,197,142,242,0,,,,,
273,_,tiled,tiled_m_960x540@480x270_0_11-(3).jpg,480,270,,,2,goldfinch,244,25,308,156,0,,,,,
274,_,tiled,tiled_m_960x540@480x270_0_11-(3).jpg,480,270,,,3,starling,340,25,426,143,0,,,,,
275,_,tiled,tiled_m_960x540@480x270_0_12-(2).jpg,480,270,,,1,robin,158,25,294,203,0,,,,,
276,_,tiled,tiled_m_960x540@480x270_0_12-(2).jpg,480,270,,,2,mouse,349,25,388,98,0,,,,,
277,_,tiled,tiled_m_960x540@480x270_0_13-(2).jpg,480,270,,,1,great tit,18,25,82,131,0,,,,,
278,_,tiled,tiled_m_960x540@480x270_0_13-(2).jpg,480,270,,,2,blue tit,328,25,400,148,0,,,,,
279,_,tiled,tiled_m_960x540@480x270_0_14-(2).jpg,480,270,,,1,great tit,133,25,266,127,0,,,,,
280,_,tiled,tiled_m_960x540@480x270_0_14-(2).jpg,480,270,,,2,goldfinch,311,25,372,168,0,,,,,
281,_,tiled,tiled_m_960x540@480x270_0_15-(2).jpg,480,270,,,1,blackbird,25,25,160,202,0,,,,,
282,_,tiled,tiled_m_960x540@480x270_0_15-(2).jpg,480,270,,,2,robin,308,25,444,203,0,,,,,
283,_,tiled,tiled_m_960x540@480x270_0_17-(3).jpg,480,270,,,1,starling,128,25,263,101,0,,,,,
284,_,tiled,tiled_m_960x540@480x270_0_17-(3).jpg,480,270,,,2,great tit,313,25,446,92,0,,,,,
285,_,tiled,tiled_m_960x540@480x270_0_17-(3).jpg,480,270,,,3,blue tit,370,138,434,222,0,,,,,
286,_,tiled,tiled_m_960x540@480x270_0_18-(1).jpg,480,270,,,1,wood pigeon,205,25,412,130,0,,,,,
287,_,tiled,tiled_m_960x540@480x270_0_19-(1).jpg,480,270,,,1,collared dove,133,25,308,153,0,,,,,
288,_,tiled,tiled_m_960x540@480x270_0_2-(3).jpg,480,270,,,1,dunnock,128,25,262,102,0,,,,,
289,_,tiled,tiled_m_960x540@480x270_0_2-(3).jpg,480,270,,,2,blue tit,250,138,286,194,0,,,,,
290,_,tiled,tiled_m_960x540@480x270_0_2-(3).jpg,480,270,,,3,sparrow,341,138,380,176,0,,,,,
291,_,tiled,tiled_m_960x540@480x270_0_20-(2).jpg,480,270,,,1,long tailed tit,33,128,68,234,0,,,,,
292,_,tiled,tiled_m_960x540@480x270_0_20-(2).jpg,480,270,,,2,robin,140,25,288,158,0,,,,,
293,_,tiled,tiled_m_960x540@480x270_0_21-(3).jpg,480,270,,,1,robin,113,128,184,206,0,,,,,
294,_,tiled,tiled_m_960x540@480x270_0_21-(3).jpg,480,270,,,2,starling,344,25,426,114,0,,,,,
295,_,tiled,tiled_m_960x540@480x270_0_21-(3).jpg,480,270,,,3,great tit,346,144,424,242,0,,,,,
296,_,tiled,tiled_m_960x540@480x270_0_22-(1).jpg,480,270,,,1,sparrow,25,124,234,238,0,,,,,
297,_,tiled,tiled_m_960x540@480x270_0_23-(3).jpg,480,270,,,1,blackbird,25,25,150,93,0,,,,,
298,_,tiled,tiled_m_960x540@480x270_0_23-(3).jpg,480,270,,,2,robin,25,134,134,230,0,,,,,
299,_,tiled,tiled_m_960x540@480x270_0_23-(3).jpg,480,270,,,3,sparrow,310,25,450,166,0,,,,,
300,_,tiled,tiled_m_960x540@480x270_0_24-(2).jpg,480,270,,,1,mouse,149,25,218,142,0,,,,,
301,_,tiled,tiled_m_960x540@480x270_0_24-(2).jpg,480,270,,,2,wood pigeon,268,25,402,154,0,,,,,
302,_,tiled,tiled_m_960x540@480x270_0_25-(2).jpg,480,270,,,1,dunnock,25,25,134,172,0,,,,,
303,_,tiled,tiled_m_960x540@480x270_0_25-(2).jpg,480,270,,,2,goldfinch,292,134,370,216,0,,,,,
304,_,tiled,tiled_m_960x540@480x270_0_26-(1).jpg,480,270,,,1,dunnock,289,124,356,208,0,,,,,
305,_,tiled,tiled_m_960x540@480x270_0_27-(3).jpg,480,270,,,1,sparrow,171,25,334,127,0,,,,,
306,_,tiled,tiled_m_960x540@480x270_0_27-(3).jpg,480,270,,,2,robin,374,25,444,102,0,,,,,
307,_,tiled,tiled_m_960x540@480x270_0_27-(3).jpg,480,270,,,3,starling,171,177,368,252,0,,,,,
308,_,tiled,tiled_m_960x540@480x270_0_28-(1).jpg,480,270,,,1,robin,25,25,182,154,0,,,,,
309,_,tiled,tiled_m_960x540@480x270_0_29-(1).jpg,480,270,,,1,blue tit,286,146,380,236,0,,,,,
310,_,tiled,tiled_m_960x540@480x270_0_3-(2).jpg,480,270,,,1,robin,300,25,344,108,0,,,,,
311,_,tiled,tiled_m_960x540@480x270_0_3-(2).jpg,480,270,,,2,wood pigeon,136,148,180,230,0,,,,,
312,_,tiled,tiled_m_960x540@480x270_0_30-(1).jpg,480,270,,,1,collared dove,12,25,88,153,0,,,,,
313,_,tiled,tiled_m_960x540@480x270_0_31-(3).jpg,480,270,,,1,great tit,25,25,164,127,0,,,,,
314,_,tiled,tiled_m_960x540@480x270_0_31-(3).jpg,480,270,,,2,sparrow,25,177,143,247,0,,,,,
315,_,tiled,tiled_m_960x540@480x270_0_31-(3).jpg,480,270,,,3,starling,196,25,281,126,0,,,,,
316,_,tiled,tiled_m_960x540@480x270_0_32-(2).jpg,480,270,,,1,sparrow,25,25,207,138,0,,,,,
317,_,tiled,tiled_m_960x540@480x270_0_32-(2).jpg,480,270,,,2,sparrow,236,25,328,138,0,,,,,
318,_,tiled,tiled_m_960x540@480x270_0_33-(3).jpg,480,270,,,1,blackbird,134,25,222,136,0,,,,,
319,_,tiled,tiled_m_960x540@480x270_0_33-(3).jpg,480,270,,,2,dunnock,272,25,410,103,0,,,,,
320,_,tiled,tiled_m_960x540@480x270_0_33-(3).jpg,480,270,,,3,starling,272,139,425,238,0,,,,,
321,_,tiled,tiled_m_960x540@480x270_0_34-(1).jpg,480,270,,,1,collared dove,146,25,290,180,0,,,,,
322,_,tiled,tiled_m_960x540@480x270_0_35-(2).jpg,480,270,,,1,sparrow,25,25,228,141,0,,,,,
323,_,tiled,tiled_m_960x540@480x270_0_35-(2).jpg,480,270,,,2,dunnock,278,25,420,136,0,,,,,
324,_,tiled,tiled_m_960x540@480x270_0_36-(1).jpg,480,270,,,1,sparrow,25,25,142,175,0,,,,,
325,_,tiled,tiled_m_960x540@480x270_0_37-(4).jpg,480,270,,,1,long tailed tit,12,25,88,164,0,,,,,
326,_,tiled,tiled_m_960x540@480x270_0_37-(4).jpg,480,270,,,2,goldfinch,138,25,240,113,0,,,,,
327,_,tiled,tiled_m_960x540@480x270_0_37-(4).jpg,480,270,,,3,blue tit,290,25,413,97,0,,,,,
328,_,tiled,tiled_m_960x540@480x270_0_37-(4).jpg,480,270,,,4,blackbird,290,136,453,242,0,,,,,
329,_,tiled,tiled_m_960x540@480x270_0_39-(1).jpg,480,270,,,1,great tit,25,25,177,117,0,,,,,
330,_,tiled,tiled_m_960x540@480x270_0_4-(2).jpg,480,270,,,1,robin,148,25,184,78,0,,,,,
331,_,tiled,tiled_m_960x540@480x270_0_4-(2).jpg,480,270,,,2,mouse,148,126,184,194,0,,,,,
332,_,tiled,tiled_m_960x540@480x270_0_40-(1).jpg,480,270,,,1,goldfinch,316,25,386,211,0,,,,,
333,_,tiled,tiled_m_960x540@480x270_0_41-(2).jpg,480,270,,,1,blue tit,25,25,226,114,0,,,,,
334,_,tiled,tiled_m_960x540@480x270_0_41-(2).jpg,480,270,,,2,starling,25,144,222,220,0,,,,,
335,_,tiled,tiled_m_960x540@480x270_0_42-(1).jpg,480,270,,,1,dunnock,25,25,163,148,0,,,,,
336,_,tiled,tiled_m_960x540@480x270_0_43-(1).jpg,480,270,,,1,dunnock,232,25,338,159,0,,,,,
337,_,tiled,tiled_m_960x540@480x270_0_44-(1).jpg,480,270,,,1,great tit,205,25,328,148,0,,,,,
338,_,tiled,tiled_m_960x540@480x270_0_45-(1).jpg,480,270,,,1,blackbird,25,25,160,148,0,,,,,
339,_,tiled,tiled_m_960x540@480x270_0_46-(1).jpg,480,270,,,1,blue tit,25,25,150,128,0,,,,,
340,_,tiled,tiled_m_960x540@480x270_0_5-(1).jpg,480,270,,,1,long tailed tit,25,197,142,242,0,,,,,
341,_,tiled,tiled_m_960x540@480x270_0_6-(5).jpg,480,270,,,1,blue tit,118,25,170,100,0,,,,,
342,_,tiled,tiled_m_960x540@480x270_0_6-(5).jpg,480,270,,,2,blue tit,118,138,170,213,0,,,,,
343,_,tiled,tiled_m_960x540@480x270_0_6-(5).jpg,480,270,,,3,blackbird,220,25,440,111,0,,,,,
344,_,tiled,tiled_m_960x540@480x270_0_6-(5).jpg,480,270,,,4,mouse,226,143,265,218,0,,,,,
345,_,tiled,tiled_m_960x540@480x270_0_6-(5).jpg,480,270,,,5,sparrow,315,143,442,258,0,,,,,
346,_,tiled,tiled_m_960x540@480x270_0_7-(2).jpg,480,270,,,1,blue tit,314,25,404,146,0,,,,,
347,_,tiled,tiled_m_960x540@480x270_0_7-(2).jpg,480,270,,,2,blue tit,334,196,384,243,0,,,,,
348,_,tiled,tiled_m_960x540@480x270_0_8-(2).jpg,480,270,,,1,mouse,346,25,400,77,0,,,,,
349,_,tiled,tiled_m_960x540@480x270_0_8-(2).jpg,480,270,,,2,blue tit,350,134,394,192,0,,,,,
350,_,tiled,tiled_m_960x540@480x270_0_9-(2).jpg,480,270,,,1,great tit,25,25,202,124,0,,,,,
351,_,tiled,tiled_m_960x540@480x270_0_9-(2).jpg,480,270,,,2,great tit,252,7,410,64,0,,,,,
352,_,tiled,tiled_s_1600x900@480x270_0_1-(8).jpg,480,270,,,1,blue tit,330,15,357,49,0,,,,,
353,_,tiled,tiled_s_1600x900@480x270_0_1-(8).jpg,480,270,,,2,dunnock,10,191,50,241,0,,,,,
354,_,tiled,tiled_s_1600x900@480x270_0_1-(8).jpg,480,270,,,3,wood pigeon,102,109,128,158,0,,,,,
355,_,tiled,tiled_s_1600x900@480x270_0_1-(8).jpg,480,270,,,4,mouse,235,109,258,154,0,,,,,
356,_,tiled,tiled_s_1600x900@480x270_0_1-(8).jpg,480,270,,,5,robin,235,176,257,208,0,,,,,
357,_,tiled,tiled_s_1600x900@480x270_0_1-(8).jpg,480,270,,,6,sparrow,430,109,453,131,0,,,,,
358,_,tiled,tiled_s_1600x900@480x270_0_1-(8).jpg,480,270,,,7,blackbird,346,171,399,237,0,,,,,
359,_,tiled,tiled_s_1600x900@480x270_0_1-(8).jpg,480,270,,,8,great tit,425,171,463,234,0,,,,,
360,_,tiled,tiled_s_1600x900@480x270_0_10-(4).jpg,480,270,,,1,blue tit,178,15,299,69,0,,,,,
361,_,tiled,tiled_s_1600x900@480x270_0_10-(4).jpg,480,270,,,2,blue tit,92,198,166,241,0,,,,,
362,_,tiled,tiled_s_1600x900@480x270_0_10-(4).jpg,480,270,,,3,starling,308,163,426,208,0,,,,,
363,_,tiled,tiled_s_1600x900@480x270_0_10-(4).jpg,480,270,,,4,great tit,308,219,403,254,0,,,,,
364,_,tiled,tiled_s_1600x900@480x270_0_11-(2).jpg,480,270,,,1,great tit,346,15,437,70,0,,,,,
365,_,tiled,tiled_s_1600x900@480x270_0_11-(2).jpg,480,270,,,2,great tit,283,218,363,258,0,,,,,
366,_,tiled,tiled_s_1600x900@480x270_0_12-(5).jpg,480,270,,,1,sparrow,15,15,176,90,0,,,,,
367,_,tiled,tiled_s_1600x900@480x270_0_12-(5).jpg,480,270,,,2,blackbird,294,15,375,89,0,,,,,
368,_,tiled,tiled_s_1600x900@480x270_0_12-(5).jpg,480,270,,,3,starling,15,213,133,259,0,,,,,
369,_,tiled,tiled_s_1600x900@480x270_0_12-(5).jpg,480,270,,,4,robin,184,120,266,226,0,,,,,
370,_,tiled,tiled_s_1600x900@480x270_0_12-(5).jpg,480,270,,,5,collared dove,288,120,333,196,0,,,,,
371,_,tiled,tiled_s_1600x900@480x270_0_13-(5).jpg,480,270,,,1,great tit,15,15,121,74,0,,,,,
372,_,tiled,tiled_s_1600x900@480x270_0_13-(5).jpg,480,270,,,2,dunnock,314,15,395,62,0,,,,,
373,_,tiled,tiled_s_1600x900@480x270_0_13-(5).jpg,480,270,,,3,dunnock,15,90,98,163,0,,,,,
374,_,tiled,tiled_s_1600x900@480x270_0_13-(5).jpg,480,270,,,4,dunnock,128,148,194,236,0,,,,,
375,_,tiled,tiled_s_1600x900@480x270_0_13-(5).jpg,480,270,,,5,great tit,224,148,297,221,0,,,,,
376,_,tiled,tiled_s_1600x900@480x270_0_14-(4).jpg,480,270,,,1,robin,15,15,96,122,0,,,,,
377,_,tiled,tiled_s_1600x900@480x270_0_14-(4).jpg,480,270,,,2,sparrow,293,15,391,76,0,,,,,
378,_,tiled,tiled_s_1600x900@480x270_0_14-(4).jpg,480,270,,,3,collared dove,293,106,398,183,0,,,,,
379,_,tiled,tiled_s_1600x900@480x270_0_14-(4).jpg,480,270,,,4,blue tit,421,106,464,180,0,,,,,
380,_,tiled,tiled_s_1600x900@480x270_0_15-(4).jpg,480,270,,,1,collared dove,15,15,170,77,0,,,,,
381,_,tiled,tiled_s_1600x900@480x270_0_15-(4).jpg,480,270,,,2,starling,364,15,455,75,0,,,,,
382,_,tiled,tiled_s_1600x900@480x270_0_15-(4).jpg,480,270,,,3,blackbird,15,107,167,182,0,,,,,
383,_,tiled,tiled_s_1600x900@480x270_0_15-(4).jpg,480,270,,,4,wood pigeon,277,181,401,244,0,,,,,
384,_,tiled,tiled_s_1600x900@480x270_0_16-(2).jpg,480,270,,,1,sparrow,139,15,264,83,0,,,,,
385,_,tiled,tiled_s_1600x900@480x270_0_16-(2).jpg,480,270,,,2,wood pigeon,201,113,394,197,0,,,,,
386,_,tiled,tiled_s_1600x900@480x270_0_17-(1).jpg,480,270,,,1,wood pigeon,15,15,96,92,0,,,,,
387,_,tiled,tiled_s_1600x900@480x270_0_2-(8).jpg,480,270,,,1,blue tit,420,15,450,44,0,,,,,
388,_,tiled,tiled_s_1600x900@480x270_0_2-(8).jpg,480,270,,,2,sparrow,15,75,99,159,0,,,,,
389,_,tiled,tiled_s_1600x900@480x270_0_2-(8).jpg,480,270,,,3,sparrow,132,172,156,195,0,,,,,
390,_,tiled,tiled_s_1600x900@480x270_0_2-(8).jpg,480,270,,,4,sparrow,176,75,230,142,0,,,,,
391,_,tiled,tiled_s_1600x900@480x270_0_2-(8).jpg,480,270,,,5,long tailed tit,193,172,213,235,0,,,,,
392,_,tiled,tiled_s_1600x900@480x270_0_2-(8).jpg,480,270,,,6,long tailed tit,395,75,465,102,0,,,,,
393,_,tiled,tiled_s_1600x900@480x270_0_2-(8).jpg,480,270,,,7,blue tit,332,197,358,232,0,,,,,
394,_,tiled,tiled_s_1600x900@480x270_0_2-(8).jpg,480,270,,,8,robin,384,203,435,238,0,,,,,
395,_,tiled,tiled_s_1600x900@480x270_0_3-(10).jpg,480,270,,,1,blackbird,15,15,96,122,0,,,,,
396,_,tiled,tiled_s_1600x900@480x270_0_3-(10).jpg,480,270,,,2,blackbird,4,152,56,218,0,,,,,
397,_,tiled,tiled_s_1600x900@480x270_0_3-(10).jpg,480,270,,,3,blue tit,130,211,152,244,0,,,,,
398,_,tiled,tiled_s_1600x900@480x270_0_3-(10).jpg,480,270,,,4,robin,189,81,232,127,0,,,,,
399,_,tiled,tiled_s_1600x900@480x270_0_3-(10).jpg,480,270,,,5,great tit,187,149,234,207,0,,,,,
400,_,tiled,tiled_s_1600x900@480x270_0_3-(10).jpg,480,270,,,6,blackbird,265,15,397,67,0,,,,,
401,_,tiled,tiled_s_1600x900@480x270_0_3-(10).jpg,480,270,,,7,goldfinch,419,15,465,64,0,,,,,
402,_,tiled,tiled_s_1600x900@480x270_0_3-(10).jpg,480,270,,,8,starling,390,86,441,147,0,,,,,
403,_,tiled,tiled_s_1600x900@480x270_0_3-(10).jpg,480,270,,,9,blackbird,265,189,363,253,0,,,,,
404,_,tiled,tiled_s_1600x900@480x270_0_3-(10).jpg,480,270,,,10,starling,390,189,426,233,0,,,,,
405,_,tiled,tiled_s_1600x900@480x270_0_4-(10).jpg,480,270,,,1,starling,366,15,448,61,0,,,,,
406,_,tiled,tiled_s_1600x900@480x270_0_4-(10).jpg,480,270,,,2,mouse,14,223,46,254,0,,,,,
407,_,tiled,tiled_s_1600x900@480x270_0_4-(10).jpg,480,270,,,3,blackbird,76,89,151,130,0,,,,,
408,_,tiled,tiled_s_1600x900@480x270_0_4-(10).jpg,480,270,,,4,wood pigeon,62,154,121,194,0,,,,,
409,_,tiled,tiled_s_1600x900@480x270_0_4-(10).jpg,480,270,,,5,mouse,176,89,217,159,0,,,,,
410,_,tiled,tiled_s_1600x900@480x270_0_4-(10).jpg,480,270,,,6,robin,183,189,209,238,0,,,,,
411,_,tiled,tiled_s_1600x900@480x270_0_4-(10).jpg,480,270,,,7,blue tit,234,89,290,143,0,,,,,
412,_,tiled,tiled_s_1600x900@480x270_0_4-(10).jpg,480,270,,,8,dunnock,320,89,403,136,0,,,,,
413,_,tiled,tiled_s_1600x900@480x270_0_4-(10).jpg,480,270,,,9,blue tit,433,89,464,134,0,,,,,
414,_,tiled,tiled_s_1600x900@480x270_0_4-(10).jpg,480,270,,,10,goldfinch,375,157,417,269,0,,,,,
415,_,tiled,tiled_s_1600x900@480x270_0_5-(8).jpg,480,270,,,1,dunnock,15,15,78,95,0,,,,,
416,_,tiled,tiled_s_1600x900@480x270_0_5-(8).jpg,480,270,,,2,goldfinch,12,125,49,211,0,,,,,
417,_,tiled,tiled_s_1600x900@480x270_0_5-(8).jpg,480,270,,,3,robin,102,77,145,123,0,,,,,
418,_,tiled,tiled_s_1600x900@480x270_0_5-(8).jpg,480,270,,,4,long tailed tit,170,81,215,164,0,,,,,
419,_,tiled,tiled_s_1600x900@480x270_0_5-(8).jpg,480,270,,,5,mouse,181,194,204,238,0,,,,,
420,_,tiled,tiled_s_1600x900@480x270_0_5-(8).jpg,480,270,,,6,collared dove,306,15,392,108,0,,,,,
421,_,tiled,tiled_s_1600x900@480x270_0_5-(8).jpg,480,270,,,7,blue tit,361,212,399,262,0,,,,,
422,_,tiled,tiled_s_1600x900@480x270_0_5-(8).jpg,480,270,,,8,blue tit,428,212,459,257,0,,,,,
423,_,tiled,tiled_s_1600x900@480x270_0_6-(7).jpg,480,270,,,1,blue tit,15,15,90,77,0,,,,,
424,_,tiled,tiled_s_1600x900@480x270_0_6-(7).jpg,480,270,,,2,sparrow,15,107,85,197,0,,,,,
425,_,tiled,tiled_s_1600x900@480x270_0_6-(7).jpg,480,270,,,3,dunnock,120,15,205,81,0,,,,,
426,_,tiled,tiled_s_1600x900@480x270_0_6-(7).jpg,480,270,,,4,goldfinch,120,111,181,164,0,,,,,
427,_,tiled,tiled_s_1600x900@480x270_0_6-(7).jpg,480,270,,,5,mouse,183,183,205,224,0,,,,,
428,_,tiled,tiled_s_1600x900@480x270_0_6-(7).jpg,480,270,,,6,goldfinch,231,124,269,202,0,,,,,
429,_,tiled,tiled_s_1600x900@480x270_0_6-(7).jpg,480,270,,,7,blue tit,288,124,341,196,0,,,,,
430,_,tiled,tiled_s_1600x900@480x270_0_7-(4).jpg,480,270,,,1,robin,15,75,80,132,0,,,,,
431,_,tiled,tiled_s_1600x900@480x270_0_7-(4).jpg,480,270,,,2,sparrow,218,75,328,142,0,,,,,
432,_,tiled,tiled_s_1600x900@480x270_0_7-(4).jpg,480,270,,,3,dunnock,218,172,306,238,0,,,,,
433,_,tiled,tiled_s_1600x900@480x270_0_7-(4).jpg,480,270,,,4,robin,336,172,425,252,0,,,,,
434,_,tiled,tiled_s_1600x900@480x270_0_8-(5).jpg,480,270,,,1,great tit,100,15,180,76,0,,,,,
435,_,tiled,tiled_s_1600x900@480x270_0_8-(5).jpg,480,270,,,2,starling,89,168,141,239,0,,,,,
436,_,tiled,tiled_s_1600x900@480x270_0_8-(5).jpg,480,270,,,3,sparrow,210,15,281,57,0,,,,,
437,_,tiled,tiled_s_1600x900@480x270_0_8-(5).jpg,480,270,,,4,sparrow,210,81,286,150,0,,,,,
438,_,tiled,tiled_s_1600x900@480x270_0_8-(5).jpg,480,270,,,5,starling,200,171,250,225,0,,,,,
439,_,tiled,tiled_s_1600x900@480x270_0_9-(4).jpg,480,270,,,1,robin,15,15,110,93,0,,,,,
440,_,tiled,tiled_s_1600x900@480x270_0_9-(4).jpg,480,270,,,2,sparrow,140,15,261,85,0,,,,,
441,_,tiled,tiled_s_1600x900@480x270_0_9-(4).jpg,480,270,,,3,great tit,350,15,433,76,0,,,,,
442,_,tiled,tiled_s_1600x900@480x270_0_9-(4).jpg,480,270,,,4,long tailed tit,198,224,268,251,0,,,,,
443,_,tiled,tiled_x_1920x1080@480x270_0_1-(10).jpg,480,270,,,1,wood pigeon,80,12,102,53,0,,,,,
444,_,tiled,tiled_x_1920x1080@480x270_0_1-(10).jpg,480,270,,,2,sparrow,82,70,102,89,0,,,,,
445,_,tiled,tiled_x_1920x1080@480x270_0_1-(10).jpg,480,270,,,3,mouse,83,117,100,152,0,,,,,
446,_,tiled,tiled_x_1920x1080@480x270_0_1-(10).jpg,480,270,,,4,sparrow,82,232,102,251,0,,,,,
447,_,tiled,tiled_x_1920x1080@480x270_0_1-(10).jpg,480,270,,,5,robin,430,12,465,51,0,,,,,
448,_,tiled,tiled_x_1920x1080@480x270_0_1-(10).jpg,480,270,,,6,wood pigeon,128,90,195,155,0,,,,,
449,_,tiled,tiled_x_1920x1080@480x270_0_1-(10).jpg,480,270,,,7,starling,125,180,155,217,0,,,,,
450,_,tiled,tiled_x_1920x1080@480x270_0_1-(10).jpg,480,270,,,8,long tailed tit,214,90,251,160,0,,,,,
451,_,tiled,tiled_x_1920x1080@480x270_0_1-(10).jpg,480,270,,,9,blue tit,438,90,463,114,0,,,,,
452,_,tiled,tiled_x_1920x1080@480x270_0_1-(10).jpg,480,270,,,10,robin,329,231,347,257,0,,,,,
453,_,tiled,tiled_x_1920x1080@480x270_0_10-(4).jpg,480,270,,,1,blue tit,12,194,75,246,0,,,,,
454,_,tiled,tiled_x_1920x1080@480x270_0_10-(4).jpg,480,270,,,2,sparrow,102,12,194,69,0,,,,,
455,_,tiled,tiled_x_1920x1080@480x270_0_10-(4).jpg,480,270,,,3,collared dove,218,12,348,64,0,,,,,
456,_,tiled,tiled_x_1920x1080@480x270_0_10-(4).jpg,480,270,,,4,great tit,391,151,460,202,0,,,,,
457,_,tiled,tiled_x_1920x1080@480x270_0_11-(7).jpg,480,270,,,1,blackbird,12,74,139,136,0,,,,,
458,_,tiled,tiled_x_1920x1080@480x270_0_11-(7).jpg,480,270,,,2,sparrow,12,161,71,236,0,,,,,
459,_,tiled,tiled_x_1920x1080@480x270_0_11-(7).jpg,480,270,,,3,goldfinch,91,161,126,254,0,,,,,
460,_,tiled,tiled_x_1920x1080@480x270_0_11-(7).jpg,480,270,,,4,sparrow,164,74,298,136,0,,,,,
461,_,tiled,tiled_x_1920x1080@480x270_0_11-(7).jpg,480,270,,,5,sparrow,324,74,425,132,0,,,,,
462,_,tiled,tiled_x_1920x1080@480x270_0_11-(7).jpg,480,270,,,6,wood pigeon,164,161,268,214,0,,,,,
463,_,tiled,tiled_x_1920x1080@480x270_0_11-(7).jpg,480,270,,,7,starling,292,161,391,199,0,,,,,
464,_,tiled,tiled_x_1920x1080@480x270_0_12-(1).jpg,480,270,,,1,wood pigeon,102,12,263,83,0,,,,,
465,_,tiled,tiled_x_1920x1080@480x270_0_2-(10).jpg,480,270,,,1,collared dove,12,12,84,90,0,,,,,
466,_,tiled,tiled_x_1920x1080@480x270_0_2-(10).jpg,480,270,,,2,great tit,6,115,44,164,0,,,,,
467,_,tiled,tiled_x_1920x1080@480x270_0_2-(10).jpg,480,270,,,3,sparrow,12,177,76,234,0,,,,,
468,_,tiled,tiled_x_1920x1080@480x270_0_2-(10).jpg,480,270,,,4,goldfinch,102,12,141,53,0,,,,,
469,_,tiled,tiled_x_1920x1080@480x270_0_2-(10).jpg,480,270,,,5,robin,166,12,234,102,0,,,,,
470,_,tiled,tiled_x_1920x1080@480x270_0_2-(10).jpg,480,270,,,6,mouse,164,231,192,257,0,,,,,
471,_,tiled,tiled_x_1920x1080@480x270_0_2-(10).jpg,480,270,,,7,blue tit,432,12,450,40,0,,,,,
472,_,tiled,tiled_x_1920x1080@480x270_0_2-(10).jpg,480,270,,,8,starling,308,67,406,105,0,,,,,
473,_,tiled,tiled_x_1920x1080@480x270_0_2-(10).jpg,480,270,,,9,robin,302,192,338,231,0,,,,,
474,_,tiled,tiled_x_1920x1080@480x270_0_2-(10).jpg,480,270,,,10,robin,382,215,404,256,0,,,,,
475,_,tiled,tiled_x_1920x1080@480x270_0_3-(13).jpg,480,270,,,1,blackbird,12,12,75,46,0,,,,,
476,_,tiled,tiled_x_1920x1080@480x270_0_3-(13).jpg,480,270,,,2,blue tit,12,182,74,218,0,,,,,
477,_,tiled,tiled_x_1920x1080@480x270_0_3-(13).jpg,480,270,,,3,sparrow,90,12,135,69,0,,,,,
478,_,tiled,tiled_x_1920x1080@480x270_0_3-(13).jpg,480,270,,,4,blue tit,94,94,130,155,0,,,,,
479,_,tiled,tiled_x_1920x1080@480x270_0_3-(13).jpg,480,270,,,5,great tit,160,74,236,120,0,,,,,
480,_,tiled,tiled_x_1920x1080@480x270_0_3-(13).jpg,480,270,,,6,great tit,261,74,328,107,0,,,,,
481,_,tiled,tiled_x_1920x1080@480x270_0_3-(13).jpg,480,270,,,7,wood pigeon,341,74,390,107,0,,,,,
482,_,tiled,tiled_x_1920x1080@480x270_0_3-(13).jpg,480,270,,,8,blue tit,412,74,443,116,0,,,,,
483,_,tiled,tiled_x_1920x1080@480x270_0_3-(13).jpg,480,270,,,9,goldfinch,224,134,254,206,0,,,,,
484,_,tiled,tiled_x_1920x1080@480x270_0_3-(13).jpg,480,270,,,10,blue tit,228,230,250,258,0,,,,,
485,_,tiled,tiled_x_1920x1080@480x270_0_3-(13).jpg,480,270,,,11,great tit,280,134,346,186,0,,,,,
486,_,tiled,tiled_x_1920x1080@480x270_0_3-(13).jpg,480,270,,,12,blue tit,281,210,303,239,0,,,,,
487,_,tiled,tiled_x_1920x1080@480x270_0_3-(13).jpg,480,270,,,13,robin,371,134,439,224,0,,,,,
488,_,tiled,tiled_x_1920x1080@480x270_0_4-(10).jpg,480,270,,,1,dunnock,73,12,144,68,0,,,,,
489,_,tiled,tiled_x_1920x1080@480x270_0_4-(10).jpg,480,270,,,2,goldfinch,73,148,124,192,0,,,,,
490,_,tiled,tiled_x_1920x1080@480x270_0_4-(10).jpg,480,270,,,3,mouse,172,155,192,192,0,,,,,
491,_,tiled,tiled_x_1920x1080@480x270_0_4-(10).jpg,480,270,,,4,blue tit,342,12,368,50,0,,,,,
492,_,tiled,tiled_x_1920x1080@480x270_0_4-(10).jpg,480,270,,,5,long tailed tit,393,12,452,35,0,,,,,
493,_,tiled,tiled_x_1920x1080@480x270_0_4-(10).jpg,480,270,,,6,blackbird,208,189,252,244,0,,,,,
494,_,tiled,tiled_x_1920x1080@480x270_0_4-(10).jpg,480,270,,,7,great tit,280,81,312,134,0,,,,,
495,_,tiled,tiled_x_1920x1080@480x270_0_4-(10).jpg,480,270,,,8,blue tit,283,159,309,197,0,,,,,
496,_,tiled,tiled_x_1920x1080@480x270_0_4-(10).jpg,480,270,,,9,sparrow,337,150,441,206,0,,,,,
497,_,tiled,tiled_x_1920x1080@480x270_0_4-(10).jpg,480,270,,,10,long tailed tit,337,231,395,254,0,,,,,
498,_,tiled,tiled_x_1920x1080@480x270_0_5-(8).jpg,480,270,,,1,dunnock,60,64,93,106,0,,,,,
499,_,tiled,tiled_x_1920x1080@480x270_0_5-(8).jpg,480,270,,,2,blackbird,121,12,189,74,0,,,,,
500,_,tiled,tiled_x_1920x1080@480x270_0_5-(8).jpg,480,270,,,3,mouse,117,151,151,209,0,,,,,
501,_,tiled,tiled_x_1920x1080@480x270_0_5-(8).jpg,480,270,,,4,blue tit,203,12,250,58,0,,,,,
502,_,tiled,tiled_x_1920x1080@480x270_0_5-(8).jpg,480,270,,,5,robin,275,12,348,79,0,,,,,
503,_,tiled,tiled_x_1920x1080@480x270_0_5-(8).jpg,480,270,,,6,starling,266,104,309,163,0,,,,,
504,_,tiled,tiled_x_1920x1080@480x270_0_5-(8).jpg,480,270,,,7,collared dove,268,188,306,252,0,,,,,
505,_,tiled,tiled_x_1920x1080@480x270_0_5-(8).jpg,480,270,,,8,starling,390,220,431,265,0,,,,,
506,_,tiled,tiled_x_1920x1080@480x270_0_6-(6).jpg,480,270,,,1,blue tit,12,12,113,57,0,,,,,
507,_,tiled,tiled_x_1920x1080@480x270_0_6-(6).jpg,480,270,,,2,blackbird,250,12,360,56,0,,,,,
508,_,tiled,tiled_x_1920x1080@480x270_0_6-(6).jpg,480,270,,,3,great tit,384,4,464,32,0,,,,,
509,_,tiled,tiled_x_1920x1080@480x270_0_6-(6).jpg,480,270,,,4,mouse,16,164,35,201,0,,,,,
510,_,tiled,tiled_x_1920x1080@480x270_0_6-(6).jpg,480,270,,,5,dunnock,360,164,428,202,0,,,,,
511,_,tiled,tiled_x_1920x1080@480x270_0_6-(6).jpg,480,270,,,6,dunnock,360,220,429,260,0,,,,,
512,_,tiled,tiled_x_1920x1080@480x270_0_7-(9).jpg,480,270,,,1,goldfinch,9,12,41,78,0,,,,,
513,_,tiled,tiled_x_1920x1080@480x270_0_7-(9).jpg,480,270,,,2,long tailed tit,16,160,34,213,0,,,,,
514,_,tiled,tiled_x_1920x1080@480x270_0_7-(9).jpg,480,270,,,3,starling,58,104,100,154,0,,,,,
515,_,tiled,tiled_x_1920x1080@480x270_0_7-(9).jpg,480,270,,,4,robin,57,180,100,208,0,,,,,
516,_,tiled,tiled_x_1920x1080@480x270_0_7-(9).jpg,480,270,,,5,blackbird,118,12,162,68,0,,,,,
517,_,tiled,tiled_x_1920x1080@480x270_0_7-(9).jpg,480,270,,,6,great tit,186,12,248,74,0,,,,,
518,_,tiled,tiled_x_1920x1080@480x270_0_7-(9).jpg,480,270,,,7,dunnock,186,99,239,166,0,,,,,
519,_,tiled,tiled_x_1920x1080@480x270_0_7-(9).jpg,480,270,,,8,sparrow,337,140,418,191,0,,,,,
520,_,tiled,tiled_x_1920x1080@480x270_0_7-(9).jpg,480,270,,,9,starling,337,216,414,266,0,,,,,
521,_,tiled,tiled_x_1920x1080@480x270_0_8-(9).jpg,480,270,,,1,blackbird,12,12,80,101,0,,,,,
522,_,tiled,tiled_x_1920x1080@480x270_0_8-(9).jpg,480,270,,,2,robin,12,126,67,174,0,,,,,
523,_,tiled,tiled_x_1920x1080@480x270_0_8-(9).jpg,480,270,,,3,blackbird,105,12,187,66,0,,,,,
524,_,tiled,tiled_x_1920x1080@480x270_0_8-(9).jpg,480,270,,,4,blue tit,96,91,140,151,0,,,,,
525,_,tiled,tiled_x_1920x1080@480x270_0_8-(9).jpg,480,270,,,5,starling,353,12,421,50,0,,,,,
526,_,tiled,tiled_x_1920x1080@480x270_0_8-(9).jpg,480,270,,,6,sparrow,212,182,282,252,0,,,,,
527,_,tiled,tiled_x_1920x1080@480x270_0_8-(9).jpg,480,270,,,7,robin,316,90,394,155,0,,,,,
528,_,tiled,tiled_x_1920x1080@480x270_0_8-(9).jpg,480,270,,,8,dunnock,316,180,384,242,0,,,,,
529,_,tiled,tiled_x_1920x1080@480x270_0_8-(9).jpg,480,270,,,9,dunnock,410,180,464,254,0,,,,,
530,_,tiled,tiled_x_1920x1080@480x270_0_9-(4).jpg,480,270,,,1,collared dove,94,184,181,248,0,,,,,
531,_,tiled,tiled_x_1920x1080@480x270_0_9-(4).jpg,480,270,,,2,great tit,207,104,295,153,0,,,,,
532,_,tiled,tiled_x_1920x1080@480x270_0_9-(4).jpg,480,270,,,3,sparrow,320,104,379,139,0,,,,,
533,_,tiled,tiled_x_1920x1080@480x270_0_9-(4).jpg,480,270,,,4,dunnock,207,166,280,220,0,,,,,
